City,State
Kolhapur,Maharashtra
Ahmednagar,Maharashtra
Akola,Maharashtra
Amravati,Maharashtra
Aurangabad,Maharashtra
Port Blair,Andaman & Nicobar Islands
Adilabad,Andhra Pradesh
Adoni,Andhra Pradesh
Amadalavalasa,Andhra Pradesh
Amalapuram,Andhra Pradesh
Anakapalle,Andhra Pradesh
Pondur,Andhra pradesh
Along,Arunachal Pradesh
Bomdila,Arunachal Pradesh
Itanagar,Arunachal Pradesh
Naharlagun,Arunachal Pradesh
Pasighat,Arunachal Pradesh
Abhayapuri,Assam
Amguri,Assam
Anandnagaar,Assam
Barpeta,Assam
Barpeta Road,Assam
Amarpur,Bihar
Araria,Bihar
Areraj,Bihar
Arrah,Bihar
Asarganj,Bihar
Ahiwara,Chhattisgarh
Akaltara,Chhattisgarh
Ambagarh Chowki,Chhattisgarh
Ambikapur,Chhattisgarh
Arang,Chhattisgarh
Amli,Dadra & Nagar Haveli
Silvassa,Dadra & Nagar Haveli
Daman and Diu,Daman & Diu
Delhi,Delhi
Aldona,Goa
Curchorem Cacora,Goa
Madgaon,Goa
Mapusa,Goa
Margao,Goa
Ankleshwar,Gujarat
Bharuch,Gujarat
Surat,Gujarat
Ahmedabad,Gujarat
Bardoli,Gujarat
Gurugram,Haryana
Panipat,Haryana
Ambala,Haryana
Yamunanagar,Haryana
Arki,Himachal Pradesh
Baddi,Himachal Pradesh
Bilaspur,Himachal Pradesh
Chamba,Himachal Pradesh
Dalhousie,Himachal Pradesh
Jammu,Jammu & Kashmir
Achabbal,Jammu & Kashmir
Akhnoor,Jammu & Kashmir
Anantnag,Jammu & Kashmir
Arnia,Jammu & Kashmir
Amlabad,Jharkhand
Ara,Jharkhand
Barughutu,Jharkhand
Bokaro Steel City,Jharkhand
Chaibasa,Jharkhand
Arasikere,Karnataka
Bangalore,Karnataka
Belgaum,Karnataka
Bellary,Karnataka
Chamrajnagar,Karnataka
Adoor,Kerala
Akathiyoor,Kerala
Alappuzha,Kerala
Ancharakandy,Kerala
Aroor,Kerala
Kavaratti,Lakshadweep
Ashok Nagar,Madhya Pradesh
Balaghat,Madhya Pradesh
Betul,Madhya Pradesh
Bhopal,Madhya Pradesh
Burhanpur,Madhya Pradesh
Imphal,Manipur
Kakching,Manipur
Lilong,Manipur
Mayang Imphal,Manipur
Thoubal,Manipur
Jowai,Meghalaya
Nongstoin,Meghalaya
Shillong,Meghalaya
Tura,Meghalaya
Aizawl,Mizoram
Champhai,Mizoram
Lunglei,Mizoram
Saiha,Mizoram
Dimapur,Nagaland
Kohima,Nagaland
Mokokchung,Nagaland
Tuensang,Nagaland
Wokha,Nagaland
Anandapur,Orissa
Anugul,Orissa
Asika,Orissa
Balangir,Orissa
Balasore,Orissa
Karaikal,Pondicherry
Mahe,Pondicherry
Pondicherry,Pondicherry
Yanam,Pondicherry
Ahmedgarh,Punjab
Amritsar,Punjab
Barnala,Punjab
Batala,Punjab
Bathinda,Punjab
Bali,Rajasthan
Ajmer,Rajasthan
Alwar,Rajasthan
Bandikui,Rajasthan
Baran,Rajasthan
Banswara,Rajastan
Gangtok,Sikkim
Calcutta,West Bengal
Alipurduar,West Bengal
Arambagh,West Bengal
Asansol,West Bengal
Baharampur,West Bengal
Arakkonam,Tamil Nadu
Arcot,Tamil Nadu
Aruppukkottai,Tamil Nadu
Bhavani,Tamil Nadu
Chengalpattu,Tamil Nadu
Chinna salem,Tamil nadu
Agartala,Tripura
Badharghat,Tripura
Dharmanagar,Tripura
Indranagar,Tripura
Jogendranagar,Tripura
Achhnera,Uttar Pradesh
Adari,Uttar Pradesh
Agra,Uttar Pradesh
Aligarh,Uttar Pradesh
Allahabad,Uttar Pradesh
Almora,Uttarakhand
Bazpur,Uttarakhand
Chamba,Uttarakhand
Dehradun,Uttarakhand
Haldwani,Uttarakhand
Chandigarh,Chandigarh
Ladakh,Ladakh
